Ime jedi,Cena,Promocijska cena
Zelenjavna enolončnica z omako pistou,15.845,15.67
Pecivo z malinami in pudingom,14.9083,14.9083
Polnjeni lignji s pršutom in sirom,9,9
Kumare v omaki,8.61,8.61
Grška krompirjeva musaka,15.2483,15.1483
Breskove rezine,9.3625,9.3625
Bučkin wrap s tuninim nadevom,13.88,13.88
Hitri skutini cmoki s sadjem,6.5225,6.42
Tiramisu semifreddo,7.85375,7.85375
Kremna limonina pita brez peke,4.07256,4.07256
Zelenjavna lazanja,14.13,13.7817
Skutina zvezda s špinačo,9.71494,9.71494
Jogurtova panakota z jagodičevjem,7.86442,7.46942
Polnjeni lignji v paradižnikovi omaki,10,10
Polnjene paprike brez mesa,14.885,14.885
Stročji fižol s krompirjem; ocvirki in smetano,5,5
Polpeti iz prosene kaše z zelenjavo,9.4325,9.4325
Rolada z bučkami in mletim mesom,7.3725,7.3725
Raffaello cheesecake,12.1475,12.1475
Hitra slivova pita,11.2008,11.2008
Blitva s krompirjem in česnom,5,5
Sataraš z rižem,7.9475,7.9475
Zavitek z vanilijevo kremo in borovnicami,6.74167,6.74167
Sivkin sirup,6,6
Beli fižol z blitvo in sirom,11.9962,11.9962
Poletna torta z malinami,7.74344,7.44719
Lahka musaka z bučkami,14.6075,14.6075
Lignji po tržaško s tatarsko omako,10.8537,10.7538
Jogurtove rezine s sadjem in piškoti (brez peke),6.64517,6.64517
Vložena zelenjava,7.44,7.04
Čokoladni sladoled brez strojčka,3.27375,3.27375
Paprike s krompirjem v pečici,6.0145,5.942
Piščančje kroglice v zelenjavni omaki,11.995,11.995
Preprosto jogurtovo pecivo z marelicami,6.03,6.03
Stročji fižol z zaseko in kislo smetano,5,5
Poletni krompirjev narastek,7.3725,7.2725
Marelična marmelada z manj sladkorja,5,5
Sladica v kozarcu z jagodami in rabarbaro,11.176,11.176
Bučkine rezine z jogurtom in sirom,9.25583,8.95417
Klafuti z breskvami in malinami,10.4405,10.4405
Enolončnica s papriko; mletim mesom in rižem,11.3573,11.3573
Krompirjeva solata s čebulo in slanino,6.73925,6.73925
Hitra bučkina pita s skuto,8,8
Hitro skutino pecivo z borovnicami in drobljencem,15.33,15.33
Poletna zelenjavna mineštra,12.5175,11.7925
Čokoladna torta brez peke,4,4
Zapečene bučke in krompir,9.3725,9.3725
Najhitreje pripravljeno testo za pico,6.11,6.11
Pistacijeva krema s češnjami v kozarcu,11.8167,11.8167
Tunina jajčna pita brez testa,5.27,5.27
Pasticciotto,12.125,12.125
Zapečeni njoki v paradižnikovi omaki z mascarponejem,11.165,11.165
Čokoladna torta brez moke s češnjami in smetano,6.13563,6.13563
Hrustljavo pečen mladi krompir,5,4.838
Ražnjiči s svinjino in papriko,5.55625,5.55625
Sipin golaž z domačimi rezanci,14.0523,14.0523
Jagodne rezine brez peke,7.7039,7.3879
Torta St. Honore (iz MasterChefa),14.3354,14.3354
Opera torta (iz MasterChefa),23,23
Paris Brest (iz MasterChefa),18.19,17.99
Medena torta medovik (iz MasterChefa),6.53163,6.53163
Kvašeni masleni rogljički,10.2207,10.2107
Polnjene paprike iz pečice,9.3725,9.3725
Mediteranske piščančje kroglice z jogurtovo pomako,14.7588,14.2088
Polpeti iz blitve in krompirja,10.3725,10.3725
Češnjeve kremne rezine,13.2046,13.2046
Zapečene palačinke z mletim mesom in zelenjavo,16.0752,16.0752
Piščančji zrezki v kremni omaki s sušenimi paradižniki,7.04887,7.04887
Hitro pecivo z jagodami,7.1316,7.1316
Listnati zavitek z marmelado in mascarponejem,8.50333,8.31333
Babičino pecivo s sadjem,11.0775,11.0775
Hitre ovsene rezine s skuto in paradižniki,9.079,9.079
Ocvrte mesne polpete,9.24812,9.24812
Špargljeva juha s krompirjem,6.3725,6.3725
Krhke košarice z mascarpone kremo in sadjem,11.488,11.488
Pečene marinirane perutničke,8.165,8.115
Jagodna pita z mrežo,8.55,8.55
Testenine s paradižnikom in burrato,7,7
Češnjeva pita z maskarponejevo kremo,12.1425,12.1425
Langaš z jogurtom,7.11,7.11
Bezgov sirup z jagodami,6,6
Piščančji file v smetanovi omaki s špinačo in suhimi paradižniki,9.98998,9.63997
Jagodna kupola,7.29067,7.29067
V pečici pečena vratovina s krompirjem,6,6
Borovničeve cheesecake rezine,11.2831,11.2831
Pomladna skleda s šparglji,16.1425,15.9925
Hitri pita kruhki,3.75462,3.75462
Clafoutis (klafuti) z jagodami,8.55896,8.55896
Bezgova panakota z limoninim sirupom,6.0852,6.0852
Palačinke brez mleka,4.9675,4.7425
Rolada z vanilijevo kremo in jagodami,10.2361,10.2361
Sofficini,14.7475,14.225
Skutin narastek (brez moke),10.44,10.44
Testenine z morskimi sadeži,9.3725,9.3725
Krhka torta z malinami,6.93225,6.93225
Piščančji gyros,18.2559,18.1809
Pecivo s piškoti; pudingom in višnjami,4.56725,4.56725
Golaž s kruhovimi cmoki,21.3212,21.06
Testeninska solata,10.2474,9.57487
Tunin namaz z jajci,5.89,5.89
Dušena vratovina v omaki s papriko,9.87475,9.87475
Borovničev tiramisu v kozarcu,9.2982,9.2982
Aperol Spritz,3.3549,3.0994
Domače lepinje,5.11,5.11
Jagodna panakota,9.1753,8.9753
Donavski valovi,11.2139,11.1472
Špargljeva rižota,9.6575,9.6575
Mesna pita s krompirjem,8.943,8.943
Rižota s piščancem in zelenjavo,9.12375,8.98875
Kremna piščančja juha s testeninami,14.3472,13.9973
Borovničeve ombre rezine,14.044,14.044
Tortilje z mletim mesom,13.607,13.607
Svinjska ribica v listnatem testu,8.93375,8.93375
Italijansko testo za pico,5,5
Sočni čokoladni browniji brez bele moke,6.73375,6.73375
Piščančja juha z zdrobovimi žličniki,13.845,13.2
Hitra rižota z morskimi sadeži,12.9475,12.9475
Čokoladna rolada,10.4843,10.1923
Pečena prosena kaša z jabolki in skuto,10.4733,10.0583
Testenine z lososovo omako iz pečice,8,8
Jogurtove rezine s kosmiči in sadjem,12.33,12.33
Kardinalove rezine,11.7461,11.7461
Špargljeva kremna juha,8.88575,8.88575
Jogurtova torta z borovnicami (brez peke),8.5865,8.3495
Zapečen krompir s šunko in sirom v bešamel omaki,6.24413,6.24413
Zrezki v zelenjavni omaki,10.0637,10.0637
Bučni njoki s hitro sirovo omako,12.4369,12.1619
Listnati zavitek z mletim mesom,10.5083,10.275
Špargljevo-bučkina juha s proseno kašo,7.6975,7.595
Bananini mafini,10.0242,10.0242
Zapečene krpice s šunko in sirom,8.095,8.095
Masleni piškoti z regratom,5,5
Pečen krompir s šparglji in slanino,8,8
Pomladna fokača,6.365,6.365
Regratov sirup,4,4
Vanilijeva panakota z jagodnim prelivom,9.00938,9.00938
Orehovo pecivo s kislo smetano,8.70333,8.70333
Hitra koruzna zlevanka s koprivami,8.175,8.175
Gorenjska prata,6.149,6.149
Velikonočna čokoladna krema,3.6598,3.6598
Slane velikonočne pletenice,7.8575,7.8575
Hren z jajci in bučnim oljem,6,5.7425
Polnjena velikonočna jajca (obarvana v pesinem soku),9.34833,9.04667
Korenčkova rolada z maskarpone kremo,12.4969,12.1894
Kvašeni velikonočni zajčki,10,10
Pisana mehiška rižota,11.7688,11.7688
Pehtranova pletenica,10.9825,10.9825
Čemaževi njoki s skuto in mandlji,9,9
Koruzni njoki s toskansko omako,13.244,13.198
Svinjski kotleti in krompir iz pečice,6.07437,6.07437
Tiramisu z jagodami,6.50806,6.50806
Potratna rolada,13.0749,13.0749
Vanilijeva krema za košarice in ladjice,6.69558,6.69558
Nagubana pita s sirom,7.26125,7.26125
Puranji zrezki v naravni omaki,5.62375,5.62375
Nemški velikonočni kolač,16.4112,16.4112
Rižota s pikantno papriko in korenjem,9,9
Ajdova rižota z gobami in špinačo,11.635,11.635
Makova roža,15.55,15.55
Makaronovo meso (makaronflajš),11.3725,11.3725
Hrustljavo pečen krompir,4,4
Piščančji medaljoni v smetanovi omaki,6.179,6.179
Pečena prosena kaša z zelenjavo,15.44,15.44
Hitro in sočno jabolčno pecivo,9.23333,9.03333
Puranji polpeti z zelišči,8,8
Svinjski golaž s smetano in papriko,9.65888,9.65888
Svinjski zrezki v smetanovi omaki,6.06843,6.06843
Piščančja juha s palačinkinimi zvitki,13.9888,13.8938
Pečena ovsena kaša z jabolki in rozinami,10.08,9.78
Krhke Nutelline rolice,6.541,6.541
Hitro orehovo pecivo z mascarpone kremo,7.1275,7.0525
Lazanja s piščancem; gobami in špinačo,12.4617,12.4617
Domača kremšnita,5.89983,5.89983
Jabolčni narastek z mandlji,12.19,11.99
Krompirjev narastek z zelenjavo; pršutom in sirom,11.995,11.995
Pohane šnite (ocvrte kruhove rezine),4.55,4.55
Zapečene testenine z bolonjsko omako,11.945,11.945
Nutelline palčke,4,3.99
Krompirjevi svaljki,8,8
Orada v pečici s krompirjem,8,8
Cheesecake z jagodami (brez peke),11.0367,11.0367
Domača bolonjska omaka,9.8345,9.6595
Sirovi tortelini z brokolijem in slanino,6.07437,6.07437
Mongolska govedina,8.7758,8.7648
Palačinke s skuto in rozinami,12.3415,12.3415
Krhko pecivo s pudingovo kremo in jagodami,11.0288,11.0288
Svinjska ribica s pečenim korenjem,12.3113,12.3113
Limonine cheesecake rezine,13.21,13.21
Pastirska pita,17.8606,17.0756
Oslič s krompirjem in zelenjavo iz pečice,9.995,9.995
Piščančji zrezki v gobovi omaki,8.21387,8.21387
Golaževa juha,10.7576,10.7576
Zelenjavna enolončnica s čičeriko,13.5681,13.2181
Puhasti ameriški krofi,10.239,10.239
Piščančja obara z zdrobovimi žličniki,13.895,13.8225
Kremna juha iz pečene cvetače,6.53275,6.13442
Meso iz juhe v omaki,11.8223,11.6472
Telečji zrezki v čebulni omaki,8.1215,8.1215
Italijanski krompirjevi kroketi,8,7.9
Zapečeni njoki z bolonjsko omako,3,3
Salzburški žličniki,7.2925,7.2925
Zapečeno kislo zelje s klobasami,8.43,8.43
Krhki flancati,9.495,9.495
Ričet s prekajenim svinjskim vratom,12,12
Mehki krofi iz pečice,13.4767,13.4767
Vratovina v čebulni omaki,8.62375,8.62375
Kruhova štruca (rolada),7.3725,7.3725
Pečeni piščanec v mleku,7.96417,7.95667
Beneške miške z vanilijevo kremo,14.33,14.33
Kvašen cmok z marmelado (germknödel),9.155,9.155
Palačinka iz pečice,4.55,4.55
Solata z radičem; krompirjem in piščancem,8,7.99
Pečen piščanec in krompir v paradižnikovi omaki,8.3851,8.3851
Njoki v kremni omaki z lososom,8.007,8.007
Zapečene palačinke z lešnikovim nadevom,8.13667,8.04
Segedin golaž s češkimi cmoki,15.8848,15.8848
Gratinirana cvetača,8.4725,7.7125
Čokoladne rezine z banano,11.1103,11.1103
Zapečeni skutino-špinačni cmoki (gnudi) v paradižnikovi omaki,16.0675,15.545
Karpati torta s sadjem,16.558,16.558
Porova kremna juha,10.11,10.0075
Hitra mesna pita brez testa,8.2893,8.2893
Rafaelo krofi,19.2581,19.2581
Zelenjavna juha s klobaso,11.583,11.583
Svinjski ragu po italijansko,9.59845,9.42345
Topli sendvič s tuno,9.945,9.595
Limonin kolač z rikoto,7.85,7.85
Pečena jajca v začinjeni omaki s fižolom,9.9425,9.9425
Hitro in sočno skutino pecivo,11.3925,11.2592
Zapečena prosena kaša s suhimi slivami,6.65833,6.65833
Krompirjeva musaka,9.58125,9.45063
Hitre miške z jabolkom in rozinami,11.42,11.27
Bananine rezine s skutino kremo,12.3209,12.1209
Ajdov kruh z orehi,5.83025,5.83025
Hrustljavi zdrobovi kroketi,7,7
Njoki z omako carbonara,7.119,7.119
Piščančji paprikaš s smetano,9.18913,9.18913
Čokoladno-kavni mousse,2.90925,2.90925
Mlečno testo za pico,6.11,6.11
Hitro skutino pecivo brez moke,7.98975,7.98975
Hitro skutino pecivo brez moke,7.98975,7.98975
Piščanec v smetanovi omaki,6.63587,6.46087
Kruhovi cmoki s kremasto gobovo omako,15.456,15.356
Kokosovi razpokančki z limono,7.19178,7.19178
Praznična sladica s penino (brez peke),4.38375,3.98375
Pečen losos s smetanovo omako,12.745,12.745
Torta iz beljakov in pudinga,5.855,5.855
Sarma iz pečice,13.175,13.175
Pomarančne rezine z mascarponejem,9.6775,9.6775
Sočna pečenka z zelenjavno omako,9.81167,9.695
Kvašeni pujski s hrenovkami,10.055,10.055
Čokoladni piškoti s kremo,13.8428,13.8428
Fileji postrvi v masleni česnovi omaki,7.795,7.4
Božični punč,7.1765,7.154
Košarice z jabolki in rumovo kremo z belo čokolado,10.7731,10.6731
Božična tortica v kozarcu (brez peke),8.34975,8.34975
Njoki v smetanovi omaki s pršutom,6.14875,6.14875
Praznični marmorni kolač,10.6907,10.6907
Slana božična drevesa,4,4
Zapečeno kislo zelje s piščancem (podvarak),10.11,9.74
Božični kolač s suhim sadjem,11.8823,11.6211
Praznični cheesecake v kozarcu,7.24833,7.24833
Sončna skutina pogača (štajerska gibanica),11.667,11.667
Svinjska rolada z zeljem in slanino,8.17,8.17
Tiramisu kroglice,7.00096,7.00096
Sočna makova torta s čokolado,8.56908,8.56908
Praznična sladica v kozarcu,11.5413,11.5413
Kokosovi rogljički s čokolado,7.02375,7.02375
Čokoladno-pomarančna smetanova torta,12.2891,12.2808
Brezglutenski piškoti alfajores,9,9
Brstični ohrovt z mandlji in čebulo,6.3725,6.3725
Široki rezanci s kremno orehovo omako,7,7
Svinjski medaljoni v kremni gobovi omaki,8.71275,8.64375
Piškoti orehi,9.198,9.198
Tartiflette,7.7926,7.7926
Snežne kepe z vanilijevo omako,7.31667,7.31667
Miklavževo medeno pecivo,11.0475,11.0475
Parklji,12.0619,12.0619
Skutini (sirovi) štruklji z drobtinami,10,10
Pečeno kislo zelje s kotleti in klobasami,7.3725,7.3725
Lečina pečenka,21.2558,20.0075
Sladko božično drevo iz listnatega testa,4.44,4.44
Mehki medenjaki z limonino glazuro,11.1975,11.1975
Butterscotch puding,9.56862,9.56862
Pečeno zelje s sirovo omako,7.0357,7.0357
Jabolčno pecivo s pudingom,10.3023,10.2923
Vratovina s kislo repo in pire krompirjem iz pečice,13.0396,13.0396
Azijska solata s teriyaki prelivom,13.558,13.033
Žličniki z jajcem,9,9
Piškoti s kosmiči in jabolki,9.96188,9.91188
Londonske rezine,10.0475,10.0475
Masleni piškoti,6.055,6.001
Grenadirmarš,5.3725,5.3725
Zrezki v omaki z ocvrtimi skutinimi kroglicami,17.6535,17.6535
Pomarančni razpokančki,8.48875,8.48875
Piščanec v omaki s kislo smetano in papriko,7.995,7.995
Sladki krompir v pečici,5,5
Rezanci alla Papalina,9.3725,9.3725
Zdravi mafini z jabolki,7.14822,6.50022
Pečena prosena kaša z brusnicami in rozinami,9.7,9.7
Sailsbury zrezek v gobovi omaki,13.4285,13.3352
Kremne rezine za lene gospodinje (z zdrobom),7.05042,7.05042
Odlično testo za pico,5,5
Kokosova babka s čokolado,11.5958,11.5958
Venec s kakiji,8.57665,8.57665
Fižolova enolončnica,15.745,15.745
Bujta repa,9.55875,9.55875
Skutin zdrobov kolač z jabolki,10.3075,10.2975
Zdrav jabolčni drobljenec (crumble),6.8296,6.38085
Mlinci s piščancem iz pečice,8.282,8.282
Kvašeni orehovi štruklji,17.66,17.66
Dušeno rdeče zelje z jabolki,5.86825,5.307
Brizgani piškoti,7.57167,7.57167
Pečena raca z jabolki,3.24833,3.23833
Rahli zdrobovi žličniki (knedlčki),4.5225,4.35
Puranja rolada s kostanjevim nadevom,11.3725,11.3725
Dobri domači mlinci (pečeni v pečici),6,6
Zdrobov narastek,7.44,7.44
Dušeno rdeče zelje s suhimi slivami,7.3725,7.3725
Česnov kruh s sirom,7.4725,7.4725
Pečena jajca po florentinsko,6.864,6.864
Kakijeva rolada,8.156,8.156
Damini poljubčki (piškoti baci di dama),6,6
Toskanska fižolova enolončnica z ješprenjem,10.8296,10.8296
Svinjski kotleti v čebulni omaki,7.60825,7.60825
Kremna juha iz hokaido buče,6.9305,6.8305
Nočne cimetove rolice,9.17417,9.17417
Snickers kolački (cupcakes),15.4252,15.4252
Buhtlji,9.58687,9.58687
Čokoladni netopirčki,7.4094,7.4094
Colcannon,4.31142,4.31142
Pečeno kislo zelje z mletim mesom in rižem,8.576,8.576
Bučna torta,10.4563,9.99594
Švedske princeske (semlor),12.5865,12.5865
Štefani pečenka,14.3036,14.3036
Kostanjeva krema z višnjami in belo čokolado,10.494,10.099
Sirov burek,5.03525,5.03525
Omleta v pečici,9,9
Česnova juha s krompirjem,8.1057,8.1057
Sočen skutin narastek z rozinami,11.88,11.78
Belgijski vaflji,7.9,7.9
V pečici pečen kostanj,1,1
Hitro čokoladno pecivo s skuto,10.2177,10.2177
Ričet s prekajenim mesom,11.3271,11.2979
Jabolčne rožice,4.47,4.32
Kinder rezine,8.265,8.13333
Skutin narastek z jabolki,9.00424,8.76424
Granola s suhim sadjem,11,11
Ješprenjčkova rižota z gobami,10,10
Nevidna jabolčna pita,10.895,10.7633
Pirin kruh brez gnetenja s semeni,6,6
Čija puding s karameliziranimi jabolki,9.8841,9.5841
Ješprenjčkova enolončnica z jurčki,17.3725,17.3725
Bučni njoki z žajbljem,5.995,5.995
Pečena svinjska ribica z medom in gorčico,5.3725,5.3725
Dušeno sladko zelje,8.105,8.105
Pečene mesne kroglice s sirom in paradižnikovo omako,8.3725,8.3725
Jabolčna pita s kislo smetano,13.4759,13.4659
Angelske solze,9.43643,9.43643
Česnovi polžki,9.16375,8.93042
Ranch omaka,9.06312,8.71312
Piščančja jetrca v omaki,8.84725,8.84725
Jesenska ovsena kaša,7.252,7.237
Harmonika krompirček,3,3
Piščančja piccata,12,12
Goveji zrezki v gobovi omaki,7.045,7.045
Pica kocke,12.745,12.745
Čokoladna torta z višnjami,7.79167,7.79167
Dušena jabolka s praženimi lešniki in smetano,6.19925,6.19925
Pečen fižol s feto,10,10
Pecivo Louise,10.8058,10.8058
Piščanec z lisičkami in špinačo v smetanovi omaki,9.16413,9.16413
Prebranec s slanino,5.855,5.855
Ocvrte paprike s šunko in sirom,7,7
Pavlova s pečenimi hruškami,7.01219,7.01219
Bučna rolada s kislo smetano,6.57062,6.57062
Pica brez kvasa,4.285,4.285
Pečen piščanec z zelenjavo in krompirjem,8.3725,8.3725
Čokoladna torta z mascarpone kremo,12.0946,12.0946
Polpeti s sladkim krompirjem (pečeni v pečici),6.0325,6.0325
Enolončnica s krompirjem in koruzo,6.9959,6.9959
Testenine s pečeno feto,6.24975,6.24975
Jogurtovo pecivo s slivami,6.82,6.82
Slastna jabolčna pita iz pekača,14.0475,14.0475
Palačinke s skuto; jabolki in cimetom,7.46875,7.31875
Bučni pire,0.209,0.18
Ombolo v testu,10.686,10.686
Pasulj na hitro,11.43,10.48
Čokoladni piškoti z Nutello,7.532,7.532
Pečen svinjski hrbet s česnom,6.5875,6.5875
Mandljeva torta Ikea,8.0166,8.0166
Mlečni riž,4.22,4.22
Krompirjeva zloženka z mletim mesom in paradižnikom,10.3725,10.3725
Čokoladni browniji brez slabe vesti,10.1053,10.1053
Svinjski zrezki s slanino; praženo zelenjavo in sirom,7.35875,7.35875
Cheesecake (sirova torta) s slivami,16,16
Sladka zvita pita iz vlečenega testa (soufra),7.59463,7.59463
Klasična pizza,11.0733,10.7033
Jabolčna pita naših babic,9.56625,9.55625
Piščančji paprikaš z bučo,8.83125,8.83125
V pečici pečene polnjene (filane) paprike,12.982,12.982
Zeljne krpice,9.11625,9.11625
Ocvrt stročji fižol,7,7
Drobnjakove palačinke s šunko in smetanovim namazom,13,12.9
Pljukanci z gobovo omako,9.75412,9.75412
Rižota s piščancem; papriko in paradižnikom,7.4975,7.4975
Polnjena svinjska ribica s pečenim krompirjem,9.44,9.44
Zapečene tortilje s piščancem,11.3725,11.3725
Hladna polnjena paprika,8.094,7.744
Toskanska paradižnikova juha s kruhom (Pappa al Pomodoro),5.936,5.936
Jogurtove rezine z bezgom in jagodami,8.31219,8.19369
Počasi pečeno svinjsko pleče s papriko,7.745,7.745
Čokoladni krofki,11.0438,10.8594
Bučkini polpeti s sirom in zelenjavo,11.0495,11.0495
Narastek z ajdovo kašo in piščancem,7.18163,7.18163
Gibanica na hitro ali zmečkana sirnica,8.07933,8.07933
Vegi 'tunin' namaz,13.3119,12.7206
Džuveč riž,9.7935,9.7935
Ratatouille s sirovo omako,13.815,13.815
Piščanec s papriko in rižem v pečici,10.6625,10.6625
Kvašene kumare,11.89,11.32
Čokoladna lazanja,7.44042,7.44042
Stročji fižol v omaki,6.3725,6.3725
Tunin narastek s skuto in sirom,15.7793,15.7793
Borovničeva pita,11.9542,11.9542
Tiramisu rolada,6.19475,6.19475
Riževa skleda z zelenjavo in avokadovim prelivom,19.7912,19.4913
Svinjski zrezki v omaki z ajvarjem,7.96875,7.96875
Njoki po sorentinsko,12,11.8
Piščančje kroglice v omaki s papriko,11.8531,11.8531
Namaz iz belega fižola in pečenega česna,6.90875,6.47125
Pistacijeva rolada z malinami,8.0727,8.0727
Sladek bučkin kruh z lešniki,7.6846,7.6846
Hitro kokosovo pecivo,15.4182,15.4182
Pohane bučke,7,7
Pečene breskve s hrustljavim nadevom,5.85333,5.85333
Bučkini njoki v paradižnikovi omaki,10,10
Mediteranski wrap,15.7212,15.6462
Hitri narastek z bučkami in krompirjem,10,10
Marelična marmelada brez sladkorja,1,1
Čokoladni mafini z malinami,16.1775,15.9546
Poletna testeninska solata,10.3675,10.3675
Mousse z belo čokolado in likerjem,4.795,4.4
Poletna zelenjavna lazanja z bučkami,9,8.9
Pecivo s kislo smetano in marelicami,8.945,8.945
Tortelini v smetanovi omaki z gobami in šunko,7.119,7.119
Toskanska bučkina pita,8.2675,8.2675
Krompirjeva poletna solata,8.86,8.535
Malinove rezine s pudingom,13.091,13.0885
Hitro pecivo z jagodno marmelado,7.495,7.495
Testenine z rakci in špinačo iz ene ponve,12.1561,12.1561
Tzatziki omaka s feto,8.2225,8.2225
Šakšuka,9.73667,9.73667
Solata s hrustljavim piščancem,8.3007,8.0007
Piščančja stegna v kremni omaki z gobami in špinačo,9.24875,9.24875
Pavlova rolada,4.76219,4.58719
Enolončnica z mletim mesom; papriko in krompirjem,13.2913,13.2913
Puhaste ameriške palačinke,6.395,6.395
Klafuti (clafoutis) s češnjami,7.99479,7.99479
Pisana poletna solata s čičeriko,8.8175,8.8175
Roladna torta z mascarponejem in gozdnimi sadeži,9.4137,9.4137
Naan kruh s česnom,9.28213,9.28213
Omleta z bučkami in panceto,10,10
Čokoladni mousse z jagodami,9.4904,9.4874
Sladke sultanove sarme (paša lokum),8.06067,8.06067
Krhki žepki s kislo smetano in jagodno marmelado,9.66,9.66
Češnjev cheesecake v kozarcu,7.18047,7.18047
Piščančja obara s smetanovimi žličniki,18.3237,18.3237
Testenine s tunino omako s smetano,7.07933,7.07933
Sočni piščančji fileji z zelenjavo iz pečice,10.0913,9.74125
Tofujevi hrustavčki,13.0547,12.2563
Gratinirane testenine s tuno,8.865,8.865
Pražen riž z zelenjavo in jajcem,8.01925,8.01237
Špargljeva juha,6.89933,6.89933
Polnjene bučke z ajdovo kašo,12.6175,12.4175
Kokosov biskvit s kislo smetano,11.4025,11.4025
Cheesecake brez peke z jagodami (iz MasterChef Slovenija),12.2325,11.9692
Nemški cheesecake (iz MasterChef Slovenija),11.0314,11.0314
Newyorški cheesecake (iz MasterChef Slovenja),11.0186,11.0186
Skutina torta s čokoladnim 'pokrovom' (brez testa),6.47667,6.47667
Skutino pecivo z borovnicami,8.6125,8.6125
Lečina palačinka,10,9.315
Piščančji frikase,9.679,9.61
Oopsie kruh,3.1425,3.1425
Kuskus z bučkami in piščancem,9.6975,9.6975
Zapečen mladi krompir s skuto in kislo smetano,8,7.9
Polenta z baziliko,5,4.9725
Hitri zavitki s šparglji in pršutom,6,6
Čokoladna torta z gozdnimi sadeži,14.5119,14.5119
Pica polžki iz kvašenega testa,9.12875,9.12875
Cheesecake z limono in mascarponejem,9.19053,9.19053
Krompirjev narastek z jajci in šunko,6.46175,6.46175
Rigatoni z mesom pečenice in zelenjavno omako,13.499,13.499
Velikonočna čokoladna pletenica,18.5733,18.3233
Potratna potica s čokolado,32.2797,32.2797
Skutini njoki s šparglji,11.8045,11.8045
Pecivo s pudingom in jagodami,12.0869,12.0869
Polpeti iz govedine iz juhe,8.3725,8.3725
Enolončnica s proseno kašo,12.3175,11.9675
Jogurtova torta z borovnicami (brez peke),9.95417,9.95417
Bananini mafini z orehi,7.81125,7.81125
Zelenjavna enolončnica z naanom,18.2088,17.7688
Vanilijeva torta z jagodami,12.799,12.799
Piščančji zrezki v parmezanovi omaki s polentno prilogo,8.712,8.712
Vlivanci s kremno špargljevo omako,11.285,11.285
Dušen regrat z jajci,5,5
Pomladno pecivo z jagodami,7.42213,7.42213
Domače testenine s škampi in sipino čipko,17.79,17.24
Cvetačni njoki z lososom,9.8045,9.8045
Kruhov narastek s šunko in sirom,8,8
Testenine z brokolijevim pestom,7,7
Preprosta jagodna sladica v kozarcu,8.41975,8.386
Špinačni žličniki z zdrobom,10,10
Sočno zdrobovo pecivo z rozinami,9.495,9.495
Palačinke iz pečice z borovnicami,7.31667,7.31667
Pirina solata s tuno in zelenjavo,8,8
Čokoladni mousse s pomarančo,6.0357,6.0357
Lignji s krompirjem v pečici,6.83013,6.83013
Pečen sladki krompir z zeliščnim maslom,5.44,5.44
Pečen brokoli s česnom in limono,7,7
Zeljna juha s kranjsko klobaso,11.4371,11.4371
Torta z mandarinami in kislo smetano,10.1194,10.03
Ovsene posodice z grškim jogurtom in sadjem,8.80875,8.80875
Kremni piščančji curry z indijskimi oreščki,9.69625,9.69625
Losos v kremni česnovi omaki s špinačo in paradižniki,9.13687,9.13687
Torta rdeči žamet malo drugače,12.0957,12.0207
Jagodni tiramisu v kozarcu,6.6395,6.6395
Pica kruhki,7.06025,7.06025
Mousse iz bele čokolade,2.68425,2.388
Čokoladni drip (za dekoriranje tort),2,2
Zdrobovi cmoki,5,5
Mesne kroglice v kremni paradižnikovi omaki,9.70587,9.70587
Toskanska fižolova juha,12.06,11.71
Skutina pita po babičino,12.5242,12.5242
Palačinka iz pečice s pestom in pršutom,9,9
Magično limonino pecivo,6.4983,6.4983
Zimska juha s piščancem,6.60375,6.40125
Brownie s kremnim nadevom in višnjami,12.822,12.822
Krompirjeve ladjice,9,9
Veganske bananine palačinke s kosmiči,5.8744,5.8744
Ledene kocke,13.145,13.145
Mehka svinjska vratovina iz pečice,13.27,13.27
Pražena svinjska jetra s čebulo,5.3725,5.3725
Krostata z rikoto,13.4767,13.4767
Piščanec z bulgurjem in zelenjavo,8.54137,8.19138
Domač čokoladni puding,8.42933,8.42933
Pečena začinjena cvetača z jogurtovo omako,8.5725,8.4
Nadevane piščančje prsi s pršutom,7,7
Ajdova kaša z mlekom,4.435,4.435
Testenine z lečo in korenčkom,8.60875,8.52125
Prekajena rebra s kislim zeljem,8.2625,8.2625
Piščanec z garam masalo in arašidovim maslom,9.279,9.279
Hitra limonina sladica (brez kuhanja in peke),3.4995,3.4995
Topla cvetačna solata,7.745,7.4875
Ajdovo pecivo z marmelado in mascarponejevo kremo,11.7075,11.7075
Kljukuša,11.5147,11.4993
Palmiers piškoti (slonovo uho),3,3
Pečen piščanec v smetanovi omaki s papriko,7.69708,7.22208
Pirine palačinke,6.11,6.11
V pečici pečena svinjina z omako,8.6515,8.6515
Pečena polenta s paradižnikovo omako in mocarelo,5.29667,5.29667
Svinjska pečenka s pisano prilogo iz enega pekača,8.3725,8.3725
Topel kremni namaz s feto in špinačo,7,7
Lečin bolognese,10.735,10.56
Solata iz rdečega zelja z jabolki in orehi,8.92,8.76
Kruhki s pečenim brijem,11.055,11.055
Preprosta zimska enolončnica,9.74225,9.74225
Pečeni šampinjoni s kremnim nadevom,6.15409,5.91591
Rumove lunice (polmeseci),10.057,10.057
Marmorni kolač z limeto,11.3657,11.3657
Piščančje prsi v kremni paradižnikovi omaki,10.48,10.48
Losos s špinačo v listnatem testu,12.02,11.8225
Svinjska pečenka v poprovi omaki z grahovim pirejem,16.7575,16.2125
Mandljevi huzarski krapki z marmelado,7.484,7.484
Špinačne palačinke z rikoto in lososom,8,8
Brstični ohrovt z gorčičnim prelivom,5.5075,5.3575
Cvetačni zrezki z gremolato,8.5225,8.5225
Ovsene rezine z jabolki,7.86625,7.56625
Piškoti s kremnim nadevom,8.265,8.265
Pečen brstični ohrovt s česnom in limono,5,5
Zelenjavna mineštra z jetrnimi cmočki,15.0655,14.8905
Kokosova rolada brez peke,8.3975,8.3975
Snežne kepe z orehi in pomarančo,7.44,7.44
Piščančji fileji s kremno špinačno omako,7.179,7.179
Miklavžev kolač s suhim sadjem,12.1425,12.1425
Piškoti z domačo mandarinino marmelado,8.616,8.616
V pečici pečen losos z brokolijem in čebulo,8.3725,8.3725
Jagnječja obara z žličniki,16.2225,16.1225
Cvetačni polpeti,13.2025,12.8525
Zavitek iz listnatega testa s porom in klobaso,10,10
Pečene marinirane perutničke in ohrovt s krompirjem,11.44,11.44
Kokosova gnezda z limonino kremo,8.35493,8.35493
Bučni buhteljni z marmelado,7.45579,7.45579
Nachos z mletim mesom; fižolom in sirom,9.00333,9.00333
Piščanec z rižem in zelenjavo,8.25638,8.25638
Sardele na šavor,10.0693,10.0693
Rolada s smetano in marmelado,6.553,6.553
Čokoladna babka (čokoladna pletenica),11.895,11.895
Koruzni kruh iz pekača,6.18363,6.18363
Zavite orehove palčke,6.56035,6.56035
Mesne kroglice v beli omaki s kaprami,18.0162,17.6213
Damske kaprice,8.22658,8.22658
Ričet brez mesa,11,11
Krompir alla carbonara,8.52125,8.52125
Bananin kruh z jabolkom (brez sladkorja),6.365,6.0175
Gosta enolončnica iz kislega zelja; krompirja in klobase,7.72958,7.72958
Svinjski zrezki v smetanovi omaki z rožmarinom,6.15437,5.60438
Pečena jabolka s skuto; orehi in rozinami,9.14667,9.12667
Rahle palačinke z rikoto in limono,10.7294,10.7294
Fuži s panceto in tartufato,5.07437,5.07437
Dvobarvni kolač s skuto,13.045,13.045
Kostna juha,18.8105,18.6315
Sladke mumije,11.2829,11.2829
Kremna zelenjavna juha s tortelini,12.7079,12.4746
Nemška makova pita,11.6658,11.6658
Mini marmeladni žepki,9.44,9.44
Testenine z vodko,8.8045,8.8045
Čokoladno-kostanjeva torta brez peke,5.44,5.44
Italijanska pita z vanilijevo kremo in pinjolami,16.375,16.375
Krompirjevi kroketi s sirom,8,8
Gratinirana buča,8.40925,7.88675
Enolončnica iz mletega mesa in krompirja,7.8125,7.8125
Krompirjeve polpete s kislo smetano,6.3725,6.3725
Hrenovke v testu malo drugače,9.0575,9.0575
Bananin kruh z drožmi,8.4028,8.4028
Puhaste jabolčne palačinke,8.4986,8.2411
Piščančje prsi z gobovim nadevom,9.895,9.895
Hitre skutine bombice,6.32375,6.32375
Nočna ovsena kaša z okusom jabolčne pite,10.53,9.99
Pita z rikoto in jabolki,13.0213,12.975
V pečici pečene mesne kroglice s krompirjem,10.3725,10.3725
Testeninske rožice,9,8.9
Pohane marele (dežnikarice po dunajsko),7,7
Narastek z zeljem,10,10
Preprosta sladica iz zdroba in piškotov,8.055,6.335
Piščančja bedra z rižem v pečici,11.1075,11.1075
Lečina mineštra s testeninami,10.845,10.67
Humus iz belega fižola,5.07493,5.07493
Zloženka iz buče; mesne omake in rikote,14.87,14.87
Rafaelo kocke brez peke,7.457,7.2595
Sočna čokoladna torta brez moke,9.0166,9.0166
Prosena kaša z grškim jogurtom in karameliziranimi jabolki,10.4587,10.1587
Ajdovo pecivo z lešniki; cimetom in sadjem,9.26875,9.26875
Pečeno mleto meso s česnovo bageto,11.3688,11.3688
Slivova marmelada,5,5
Hitri chili z mletim mesom,10.4675,10.295
Sočno čokoladno pecivo z marmelado,9.20937,9.20937
Domači njoki z omako iz svežega paradižnika,11.4815,11.4815
Rižota z ječmenom in govedino,12.3725,12.3725
Čokoladno-skutino pecivo z višnjami,9.018,9.018
Zelenjavna zloženka s sirom,9,9
Pita z mandljevo kremo in slivami,12.562,12.562
Svinjski zrezki v hrustljavi parmezanovi skorjici,7,6.9
Bučkine rolice z bulgurjem in mesom,10.662,10.662
Karameliziran carski praženec (šmorn),6.18125,6.18125
Zapečeni njoki s piščancem; gobami in smetano,11.1939,11.1939
Polnjene polovičke paprik v omaki,12.3725,12.3725
Torta tenerina,6.22375,6.115
Hitra paradižnikova pita z listnatim testom,10,10
Piščanec in krompir iz ene ponve,9.3975,9.2475
Vložene paprike za ozimnico,3.9273,3.9073
Zapečen krompir z bučkami,9,8.35
Kolač s slivami in beljakovim pokrovom,14.52,14.52
Hitre testenine iz ene ponve,7.53167,7.409
Slivovi cmoki iz skutnega testa,8,8
Listnati trikotniki s špinačo in feto,10.3725,10.2725
Kolač z limonino kremo in sadjem,12.333,12.333
Turška umešana jajca z zelenjavo (menemen),7.745,7.745
Bučkini ocvrtki s feto,9.745,9.745
Jutranji breskov drobljenec (crumble),9.35333,9.09
Slivovo pecivo s skuto in zdrobom,10.2225,10.025
Boranja z govedino in krompirjem,8.3725,8.3725
Žarbo kocke,11.7092,11.7092
Etonska zmešnjava z malinami,4.31855,4.31855
Kuhan stročji fižol in krompir v paradižnikovi omaki,6.52235,6.52235
Sardele s solato iz kumar in avokada,11.4925,11.4925
Limonin mousse,6.219,6.219
Njoki z domačim pestom,7.01785,7.01785
Obrnjena rolada z ribezom in kislo smetano,8.585,8.585
Sočno pecivo s kokosom,8.62375,8.62375
Svinjski zrezki z omako pizzaiola,7,6.9
Juha iz stročjega fižola,7.89563,7.89563
Pečeni jajčevci s paradižnikom in sirom,8,8
Bananine kocke,16.1838,16.1838
Listnata pita z mocarelo; jajci in češnjevci,9.9625,9.9625
Fit solata s piščancem in kvinojo,9.2225,9.2225
Bučkin narastek s kruhom,10,9.9
Flambirane marelice z mascarpone sirom in sladoledom,10.44,10.44
Skutine rezine z malinami (brez peke),10.4554,9.79706
Quesadilla (prepognjena tortilja) z zelenjavo in sirom,8.5225,8.45
Piščančji fileji s češnjevimi paradižniki in parmezanom,8,8
Piña colada kocke brez peke,8.17212,8.17212
Hitro pecivo s kislo smetano in borovnicami,10.2683,10.2683
Kremna kumarčina juha s krompirjem,10.04,10.04
Sadne sladoledne lučke,3.38528,3.37424
Telečji zrezki z bučkami; paradižnikom in mocarelo,8.6225,8.4225
Koruzna zlivanka z bučkami in korenčkom,13.2032,13.2032
Vanilijeva panakota z marelično kremo,8.68262,8.47138
Hrustljav krompir in mesne kroglice iz pečice,11.1862,11.1862
Klafuti (clafoutis) z marelicami,8.54903,8.54903
Zamrznjene jogurtove ovsene rezine,7.01975,7.01975
Piščanec s krompirjem in paradižniki v pekaču,13.9337,13.9337
Smetanov sladoled z Nutello (brez strojčka),3,3
Hitra solata tabule s kuskusom,8.85125,8.85125
Zarezan piščančji file z zelenjavo in sirom,10.7925,10.6175
Tunin tatar s peno iz limete in rožmarina; zeliščna polenta; ocvrte sardele,12.44,12.44
Svinjska potrebuševina; koruzni žganci; jabolko; zelena,12.8367,12.2767
Pečene račje prsi; ganaš iz gosjih jeter; glazirana hobotnica; krompirjev savarin; omaka z višnjami,24.456,24.2393
Popečena grdobina; majoneza iz avokada in bazilike; krompir iz fonda; flambirane fige; česnova čipka,21.9292,21.8125
Hrustljave bučkine palčke,10.185,9.835
Ledene kocke z gozdnimi sadeži,12.7962,12.5987
Blitvina kremna juha s krompirjem,6.50692,6.50692
Kremna prosena kaša s čokolado in oreščki,7.2325,6.8325
Čokoladni kolač z banano,7.23481,7.23481
Češnjeva galeta,10.9987,10.9987
Tiramisu s kremo brez jajc,6.93,6.93
Jagode in piškoti z mascarpone kremo v kozarcu,7.44,7.44
Piščančji golaž s kumaricami,8.652,8.102
Sladki krompir s pečenimi jajci,4.158,4.158
Hitro skutino pecivo z zdrobom in malinami,8.598,8.598
Račje prsi in grahov crème brulee,20.1873,20.1873
Hobotnica s pirejem iz krompirja in kaper; žele iz limete in rožmarina,17.814,17.639
Osličevi fileji na pariški način,6,6
Riž z zelenjavo in piščancem,10.9494,10.7694
Slani mafini z bučko in feto,7.38067,7.12317
Hitro pecivo s češnjami,6.88658,6.88658
Torta z bučnim oljem in limetinim želejem,17.2334,17.0359
Sirup iz vrtnic in melise,4.32867,4.28867
Browniji s češnjami,8,8
Svinjska rolada s špinačo; feto in sušenimi paradižniki,12.745,12.745
Marinirani lignji s krompirjem v pečici,15.2498,15.2498
Jogurtovo pecivo z malinami,6.98667,6.98667
Jutranji jajčni mafini,4.45708,4.45708
Gratiniran mlad krompir s šparglji,8.3725,8.3725
Wellington pečenka s pirejem in vinska omaka s hruško,17.4725,17.4725
Sladoled iz dveh sestavin,3,3
Pečen krompir z zeliščnim maslom,6,6
Hrustljave palčke s sirom,5,5
Postrv s pečenim krompirjem in paradižnikom iz pečice,6,6
Krostata z vanilijevo kremo in marmelado,10.49,10.3963
Pečen piščanec z brokolijem in sirom,6.94515,6.59515
Čokoladna torta z jagodami,7.24687,7.24687
Blejska grmada,18.4937,18.4937
Peresniki z lososom; šparglji in smetano,9.08925,9.08925
Svinjski zrezki po cigansko,8.2625,8.2625
Pečena ovsena kaša s sadjem; čokolado in orehi,12.3983,12.3983
Dvobarvna čokoladna sladica v kozarcu (brez peke),9.1114,9.1114
Grška nagubana pita s špinačo (Patsavouropita),8.895,8.895
Kolač z rabarbaro in jagodami,12.893,12.893
Pecivo z jagodno kremo in svežimi jagodami,10.232,10.232
Pečen sladki krompir z namazom iz fete iz špinače,7.44,7.44
V pečici pečeni kaneloni s šunko in sirom,12,12
Jogurtova strjenka z borovničevim želejem,7.09125,6.795
Čokoladna rolada s smetano in jagodami,6.67469,6.57469
Pudingove jagodne rezine,6.25938,6.05938
Ajdova kaša s piščancem in gobami,11.2625,11.2625
Pečeno puranje stegno,10.0765,10.0765
Kokosove kroglice iz samo dveh sestavin (rafaelo kroglice),4,4
Pečen kostni mozeg s kislo repo in zeliščnimi kruhki,10.55,10.55
Malinovo-jogurtova strjenka v kozarcu,9.15635,9.15635
Goveje bržole Esterhazy (bržolni zrezki po madžarsko),9.3618,9.3618
Zebra torta brez peke (jagodna torta z belo čokolado),9.0005,8.53967
Hrustljava pita s sirom,9.1425,9.1425
Špageti carbonara s smetano,7.0714,7.0714
Svinjski medaljoni v hrenovi omaki,7.3725,7.3725
Zapečena nadevana jajca,8,8
Polnjena velikonočna jajčka,7.3725,7.3725
Velikonočna pinca,11.1467,11.1467
Svinjski zrezki z mladim krompirjem iz pečice,9.85625,9.85625
Velikonočni kolač s čokoladnim zajčkom,12.0702,12.0702
Rolada s čokoladnim ganašem in pasijonkinim želejem,6.0775,5.78125
Pečeni šparglji s šunko in sirom,5,5
Čemažev pesto,5.0999,5.0999
Piščančje prsi s slanino iz pečice,4,4
Skutina torta z jagodami,7.72375,7.72375
Pečeni kruhki s sirom in tuninim namazom,9.2625,9.1625
Losos v omaki s kaprami,11.0837,11.0837
Paris Brest z vanilijevo kremo in jagodami,13.0092,12.9093
Piškoti z jagodami,7.0429,7.00665
Pečena jajca s sirom in gobicami,5,5
Čokoladna rolada z marmelado in smetano,5.0595,5.0595
Polnozrnate testenine s pečenim paradižnikom; mascarponejem in špinačo,11.185,11.185
Piščanec v smetanovi omaki s parmezanom in špinačo,11.1384,11.1039
Hitro čokoladno pecivo s skuto,9.32583,9.32583
Piščančja bedra z mladim krompirjem iz pečice,10.3725,10.3725
Govedina po toskansko s kremasto polento,9.27,9.27
Nemška skutina torta,8.52167,7.66167
Kalabrijska orehova torta,4.44,4.44
Ajdova rižota z zelenjavo; gobami in panceto,10.3725,10.3725
Lignji v omaki z olivami in polenta z začimbami,15.9788,15.7925
Hitro pecivo z zdrobom in jabolki,10.8419,10.5419
Polnozrnati špageti s kozicami in brokolijem,9.9475,9.9475
Palačinke z limonino kremo,11.11,11.11
Jagodna krostata z meringo,13.305,13.305
Zapečen krompir in cvetača z gorgonzolo,7.44687,7.34687
Kokosov mlečni riž z mangom,4.72562,4.72562
Zelenjavne polpete s kosmiči,12.2456,12.2456
Piščanec po špansko z belim fižolom,9.84417,9.84417
Hitri skutini njoki,6,5.9
Avokadov namaz,5,5
Limonine rezine z maskarponejem,9.13687,8.73687
Krompir z brstičnim ohrovtom in slanino,7.70313,7.70313
Piščanec v smetanovi omaki s papriko,5.88312,5.88312
Čokoladno-jogurtovo pecivo brez jajc,6.16737,6.16737
Soba rezanci z lososom,6,6
Njoki s špinačo; brokolijem in pršutom v sirovi omaki,8.04462,8.04462
Mandljeva rolada s kislo smetano in marmelado,6.19725,6.19725
Čokoladne palačinke s smetano in višnjami,8.77375,8.77375
Lovke orjaškega lignja s krompirjem iz pečice,6.745,6.745
Rižota s piščancem in brokolijem,9.46625,9.37625
Bougatsa,8.495,8.495
Zelenjavna enolončnica z ohrovtom,9.36,9.36
Paradižnikova juha s špinačo in sirovimi tortelini,11.0175,11.0175
Mandljevi blondinčki s koščki čokolade,6.57,6.57
Lazanja z mletim mesom in orehi,14.2483,14.1483
Pečena jabolka s skuto in rozinami,6.4025,6.32
Kokosova prosena kaša s sadjem in semeni,6.4475,6.4375
Rižev narastek z rozinami; pomarančo in cimetom,11.4388,11.4388
Bananin kolaček v skodelici,6.935,6.935
Testenine z lignji v pikantni paradižnikovi omaki,11,11
Čokoladni kolač z mandlji in klementinami,12.4767,12.3767
Ohrovt z gobami in polento na fižolovem pireju,11,11
Mečkanka ali gužvara (pita s sirom),9,9
Toast s pečenim jajcem in sirom,4,4
Cvetačna kremna juha,7.02975,6.47975
Bombardino,3.4301,3.4301
Trganci s kislo smetano in slanino,6,6
Svinjski kotleti s kislim zeljem in jabolkom,7.1675,6.8675
Zelenjavna juha s piščančjimi cmočki,11.1545,10.8045
Sladica s penino v kozarcu,5.76925,5.76925
Polžki iz listnatega testa z lososom; špinačo in sirom,8.49,8.49
Beljakova rolada z mascarponejem; belo čokolado in malinami,8.33988,7.94113
Porketa (italijanska svinjska rolada),10.9688,10.6725
Zimska enolončnica s šitakami,6.32,6.32
Gratinirana zimska zelenjava,10.6267,9.79833
Svinjski zrezki v omaki s slanino in gobami,7.9907,7.9907
Kruhov venec z masleno česnovo polivko,9.2824,9.2584
Pudingove rezine z limoninim prelivom,7.72917,7.72917
Flank steak z gorčično omako,7.1842,6.6342
Kuhano belo vino,5.2475,5.225
Pomarančna torta z medeno čokoladno glazuro,6.84875,6.84875
Cimetove rolice na hitro,6.395,6.395
Narastek iz kislega zelja; slanine in krompirja,6.872,6.872
Krhki piškoti z vzorcem,5,5
S čokolado polnjeni masleni piškoti,7.532,7.532
Lečni kari (curry) s kokosovim mlekom,9.154,9.0415
Orehovo-pomarančne rezine,11.1212,11.1212
Sočen kokosov kolač z limono,10.913,10.913
Porova juha s topljenim sirom in mletim mesom,8.51,8.51
Fižolova mineštra,11.3725,10.7925
Enchilada s piščancem in fižolom,7.4305,7.118
Pečen losos s špinačnim nadevom,8.29875,8.27375
Ješprenjčkova enolončnica s čičeriko in fižolom,12.236,12.236
Kokosova čokoladna potica,13.4995,13.4995
Čokoladna pita z jabolki in pudingom,15.9131,15.9131
Panakota s kakijevim pirejem,5.3985,5.3985
Čokoladne kroglice s pomarančo,6.1825,6.14625
Pečena (nočna) ovsena kaša s suhim sadjem,5.51806,5.33056
Praženo zelje s klobaso,9.995,9.995
Lečna mineštra s kokosovim jogurtom,14.065,13.5775
Rogljički s skuto in šunko,12.1469,12.1469
Kvašene jabolčne rožice,11.5262,11.5262
Chili con carne s pivom in čokolado,19.1275,19.105
Preprost jabolčni kolač,8.79833,8.78833
Ajdovi štruklji z orehi,9.11062,9.11062
Juha s pečeno hokaido bučo,5.0125,4.94
Čokoladno-lešnikova smoothie skleda,10.84,10.84
Lečna juha z zelenjavo in začimbami,12.6925,12.585
Svinjski zrezki s kislim zeljem iz pečice,8.6066,8.6066
Zloženka s kislim zeljem; slanino in smetano,10.2483,10.2483
Telečji zrezki v gobovi omaki,8.07625,8.07625
Skutini zdrobovi cmoki s sadno omako,10.88,10.88
Pesin kolač z jagodami,7.815,7.815
Pistacijevi piškoti,5.44,5.44
Čokoladno-kostanjevo pecivo brez moke,7.495,7.495
Polnozrnati špageti z mesnimi kroglicami v omaki,10.845,10.67
Karamelni jabolčni cheesecake v kozarcu,10.9369,10.5369
Osso buco v omaki,10.7484,10.7484
Čokoladna torta s švicarsko masleno kremo in lešnikovim krokantom,13.6088,13.6088
Kremna juha iz kodrolistnega ohrovta in krompirja,8.9305,8.8305
Zdrave bučne palačinke brez moke in mleka,6.4925,6.4925
Curry z rdečo lečo in sladkim krompirjem,16.1735,15.976
Veganski čokoladni bananov kruh,8.5225,8.5225
Tortiljin zvitek z jajci; šunko in kislo smetano,8,8
Juha za imunski sistem,9.84825,9.38325
Pecivo s kosmiči; kokosom; brusnicami in čokolado,9.1935,9.1935
Cvetačni zrezki s hrustljavo parmezanovo skorjico,8,8
Krompirjev langaš,7.055,7.055
Juha iz pečene buče s smetano,4.00737,3.92028
Romunska mesna obara (tochitura),8.155,8.155
Čokoladni šarkelj,7.46375,7.46375
Prosena kaša s piščancem in gobami iz enega lonca,10.3725,10.3725
Brokolijeve polpete s čičeriko,8,8
Špageti s tuno; kaprami in olivami,9,8.9
Golaž iz piščančjih želodcev s korenčkom in grahom,11.185,11.185
Kiš (slana pita) z riževo osnovo,7.63167,7.63167
Ajdova torta z marmelado,8.353,8.353
Tortelini s smetano in šunko,7.21387,6.89762
Brokolijev narastek,8.1425,8.1425
Nočna ovsena kaša s figami; brusnicami in orehi,8.715,8.715
Zapečene testenine z mletim mesom in zelenjavo,12.995,12.895
Hruškov ponvičnik,8.48728,8.48728
Narastek iz ajdove kaše s skuto in gobicami,10,10
Rižota z bučo in ječmenom,8.14767,8.14767
Krompirjeve polpetke s šunko,7.64833,7.64833
Krhka torta s kislo smetano,12.0733,12.0733
Kruhov narastek s skuto,9.11,9.11
S kvinojo in orehi polnjene pečene paprike,9.69813,9.52313
Slivove rezine z drobljencem,10.3075,10.3075
Ajdova kaša z dušenimi jabolki in cimetom,7,6.99
Čičerikin ragu s polento,12.605,12.605
Pečena paprika z jajcem,6,6
Narobe obrnjen figov kolač,13.0062,13.0062
Zapečene palačinke z gobami in skuto,19.1863,19.0862
Krompirjeva solata z jogurtom in gorčico,7,6.99
Pečene testenine z gobami in šunko,9.745,9.745
Sadni tiramisu v posodici,6.0745,5.2145
Losos iz pečice z maslom; peteršiljem in česnom,6,6
Ajdov krapec,6.48463,6.48463
Testenine iz enega lonca,8.49,8.49
Osvežilna jogurtova torta z mareličnim moussom (brez peke),14.9589,14.7423
Enostavno jogurtovo pecivo s sadjem,6.96833,6.96833
Sipana ajdova pita z jabolki,8.5825,8.5825
Paradižnikova rižota s pestom in pečenimi češnjevimi paradižniki,16.9305,16.9305
Narastek s stročjim fižolom,6,6
Toast rolice z lešnikovim namazom in cimetom,6.22,6.22
Pita z mandljevo kremo in marelicami,13.095,13.095
Zebra cheesecake (brez kuhanja in peke),7.21125,7.21125
Piščančje enčilade,6.92667,6.92667
Zdrobovo pecivo s hruškami,8.61969,8.61969
Kinder pingvin rezine,13.1237,13.1237
Finska palačinka (Pannukakku),6.19,6.19
Pecivo jajce na oko,7.90862,7.89712
Bučkine palačinke s paradižnikom in mocarelo,9,8.9
Creme brulee z limono,4.559,4.559
Jogurtovo pecivo z borovnicami,6.9782,6.8912
Kumare v smetanovi omaki,6.472,6.472
'Taco' solata,13.685,13.685
Topla bučkina solata,8,8
Skutino pecivo z breskvami,16.0367,16.0367
Solata iz bulgurja; zelenjave in tune,7.445,7.445
Galeta z marelicami in mandlji,8.41903,8.32028
Ingverjeva limonada z meto,5.44,5.44
Arašidove energijske kroglice,8,8
V papirnatem ovoju pečen losos z zelenjavo,5.47,5.3975
Fritata z blitvo,6.3725,6.3725
Testeninska solata s tuno in zelenjavo,10.1199,10.1199
Gibanica gužvara z bučkami,11,11
Hitra sladica iz piškotov in čokoladnega pudinga,6,6
Solata s pečeno cvetačo in rjavo lečo,15,15
Breskov drobljenec,9.055,9.055
Bučkini špageti s pestom in češnjevimi paradižniki,8.07238,8.07238
Hladna kumarična juha z jogurtom,7.49437,7.49437
Francoska maslena krema,4.799,4.799
Carski praženec; jajčni sladoled in sadna omaka,13.9887,13.9887
Mini bučkini polpeti s sirom,5.5225,5.45
Češnjeva pita iz pekača,10.5242,10.5242
Začinjene paradižnikove testenine s čičeriko,10.079,10.079
Mousse iz čokolade z vrtnico; sorbet iz malin z vrtnico; metin žele; makron z malino; sponge cake in ruby čokolada,25.43,25.43
Srnin hrbet z zeliščnim čajem; raviol s kostanjevo kremo in prepeličjim rumenjakom; pire rdeče pese; hruška v rdečem vinu,19.2125,18.8425
Mousse krvavice; popečena polenta ajdovih žgancev; žele kozje skute; okisano zelje in ajdove kokice,12.6883,12.475
Ameriške palačinke z vanilijevo omako in jagodičevjem,10.9157,10.9157
Jagnječje kronce s tartufovo skorjico in vanilijev pire krompir,15.6933,15.2067
Grški jogurt z marelicami,7.495,7.45
Testenine z avokadovim pestom,10.0837,10.0837
Češnjeve lučke,3,3
Testenine s šparglji in limono,9,9
Srnin hrbet z višnjevo omako; kipnik iz indijskih oreščkov in pire sladkega krompirja,13.66,13.56
Gyoza cmočki iz goveje juhe,11.0531,11.0531
Beljakova rolada z mascarponejevo kremo in sadjem,9.931,9.931
Kuskus z rakci; paradižnikom in papriko,10.3238,10.3238
Lignji v paradižnikovi omaki,10,10
Tortelini v družbi poširanega jajca in kozic,11,11
Dagnje na buzaro in trtini zvitki z limonino polento,12.389,12.389
Testenine s polži in češnjevimi paradižniki,8,8
Brancin; špinačni ravioli s škampi; pinjolin pire in limonin sorbet,22.0188,22.0188
Hitro skutino pecivo z malinami in mandlji (pecivo za požrešne sosede),10.8068,9.84806
Ajdove palačinke s piščancem; fižolom in papriko,13.8087,13.8087
Chia puding s češnjevim kompotom,6.56375,6.56375
Pečeni bučkini zvitki z zeliščno skuto v paradižnikovi omaki,11,11
Čokoladni piškoti s kosmiči in arašidovim maslom,7.99875,7.99875
Svinjska lička z gelom kefirja; konfitiran krompir in ribezova omaka s črnim poprom,12.44,12.44
Trgana svinjska lička; hruška; hren in ocvrto rezančevo testo,15.6945,15.6945
Široki rezanci z natrgano govedino,10.8458,10.6708
Pečene piščančje kroglice s špageti s pestom,11.5225,11.5225
Žarjen brancin in zdrava kvinojca,16.0295,15.6595
Torta ledeni veter,14.1035,14.1035
Veganski curry s čičeriko in sladkim krompirjem,12.019,12.019
Limonin kolač z bezgovim sirupom,10.1924,10.1924
Čičerika s klobaso in papriko,9.13,9.13
Preprosto češnjevo pecivo,6.6375,6.6375
Jagnječja zarebrnica v vinski omaki; kremna polenta; bučkin pire z limeto,27.995,27.995
Ješprenj z dimljenim svinjskim vratom; pire iz zelene in krompirja; fižolova krema,28.4782,28.2882
Sladica B-52,17.44,17.44
Pečena Aljaska s pomarančo; granatnim jabolkom; brusico in vodko,20.9665,20.8165
Poširana meringa z limonino kremo; flambiran ananas; kokosova granita; hrustek iz ananasovega soka in ruma,17.44,17.44
Pita s pudingovo kremo in jagodami,12.4075,12.4075
Fritata s šparglji; feto in češnjevimi paradižniki,8.49667,8.49667
Biskvitna tortica s kolerabinim džemom in kolerabino panna cotto,10.468,10.468
Sardonovi zvitki s sotiranim koromačem in okisanimi kumaricami,9.6625,9.6625
